,Period,CA,Payment,Interest,RC,NewCA
0,1,1000.0,263.7974807947452,100.0,163.79748079474518,836.2025192052548
1,2,836.2025192052548,263.7974807947452,83.62025192052549,180.17722887421968,656.0252903310352
2,3,656.0252903310352,263.7974807947452,65.60252903310352,198.19495176164168,457.8303385693935
3,4,457.8303385693935,263.7974807947452,45.783033856939355,218.01444693780581,239.8158916315877
4,5,239.8158916315877,263.7974807947452,23.981589163158773,239.8158916315864,1.3073986337985843e-12
